id,label
0353,dirty
0600,dirty
0542,dirty
0133,dirty
0427,dirty
0367,dirty
0728,dirty
0028,dirty
0446,clean
0505,dirty
0618,clean
0598,dirty
0720,clean
0069,dirty
0244,dirty
0647,dirty
0595,clean
0373,dirty
0187,clean
0165,dirty
0582,dirty
0343,clean
0291,dirty
0119,dirty
0687,dirty
0297,dirty
0350,clean
0118,dirty
0018,clean
0237,dirty
0316,dirty
0101,dirty
0003,dirty
0462,clean
0667,clean
0589,dirty
0403,dirty
0292,clean
0461,dirty
0682,dirty
0075,clean
0404,dirty
0308,dirty
0176,dirty
0490,dirty
0240,clean
0111,dirty
0084,dirty
0683,clean
0178,clean
0381,dirty
0420,dirty
0362,clean
0487,clean
0573,dirty
0611,dirty
0566,dirty
0245,dirty
0739,dirty
0221,dirty
0740,dirty
0514,dirty
0366,dirty
0636,dirty
0142,dirty
0124,clean
0194,dirty
0047,dirty
0473,clean
0215,dirty
0145,dirty
0275,clean
0151,dirty
0260,dirty
0697,dirty
0079,dirty
0679,dirty
0663,dirty
0480,clean
0182,dirty
0205,dirty
0104,dirty
0125,clean
0002,clean
0671,dirty
0236,dirty
0411,dirty
0424,clean
0163,dirty
0365,clean
0622,dirty
0520,dirty
0087,clean
0012,clean
0734,dirty
0518,dirty
0501,dirty
0693,dirty
0372,clean
0472,dirty
0470,dirty
0105,dirty
0109,dirty
0033,dirty
0613,dirty
0605,dirty
0247,dirty
0183,dirty
0050,dirty
0615,dirty
0735,clean
0323,dirty
0321,clean
0450,dirty
0459,dirty
0114,clean
0465,dirty
0006,clean
0634,dirty
0528,dirty
0433,dirty
0526,dirty
0625,clean
0445,dirty
0356,dirty
0048,dirty
0394,dirty
0121,clean
0102,clean
0543,clean
0743,clean
0334,dirty
0026,dirty
0713,clean
0675,clean
0181,dirty
0159,clean
0736,clean
0690,clean
0725,dirty
0010,dirty
0482,dirty
0458,dirty
0466,clean
0509,dirty
0416,dirty
0463,clean
0036,dirty
0617,dirty
0058,dirty
0691,dirty
0287,dirty
0525,dirty
0684,dirty
0035,dirty
0029,dirty
0698,dirty
0640,dirty
0143,dirty
0116,dirty
0733,dirty
0325,dirty
0708,dirty
0475,clean
0710,dirty
0517,dirty
0570,dirty
0200,clean
0212,clean
0419,clean
0413,clean
0115,dirty
0557,clean
0569,clean
0699,dirty
0707,dirty
0660,dirty
0558,dirty
0263,clean
0648,dirty
0443,dirty
0564,dirty
0328,dirty
0495,dirty
0344,dirty
0456,dirty
0593,dirty
0074,clean
0063,dirty
0081,clean
0474,dirty
0302,dirty
0004,dirty
0064,dirty
0578,dirty
0530,clean
0504,dirty
0005,dirty
0196,clean
0646,dirty
0479,dirty
0172,dirty
0229,clean
0177,dirty
0540,dirty
0709,dirty
0655,clean
0095,dirty
0535,dirty
0319,dirty
0020,dirty
0441,dirty
0650,dirty
0108,dirty
0317,clean
0339,dirty
0030,dirty
0150,dirty
0430,clean
0332,dirty
0209,dirty
0485,clean
0730,dirty
0662,dirty
0721,dirty
0700,clean
0444,dirty
0153,dirty
0376,dirty
0274,dirty
0436,clean
0032,dirty
0488,clean
0562,clean
0070,dirty
0173,clean
0331,dirty
0157,clean
0123,clean
0233,dirty
0580,clean
0099,dirty
0397,dirty
0586,dirty
0548,clean
0432,dirty
0346,clean
0007,dirty
0098,dirty
0741,dirty
0305,dirty
0052,clean
0024,dirty
0073,clean
0604,dirty
0128,dirty
0627,clean
0267,dirty
0629,dirty
0497,dirty
0401,clean
0669,clean
0180,dirty
0496,clean
0513,dirty
0138,dirty
0385,dirty
0386,clean
0090,dirty
0533,clean
0186,dirty
0034,dirty
0714,clean
0579,dirty
0704,dirty
0137,dirty
0072,dirty
0228,dirty
0689,dirty
0452,dirty
0429,dirty
0314,clean
0040,dirty
0532,dirty
0633,clean
0227,dirty
0078,dirty
0329,clean
0218,dirty
0383,dirty
0368,dirty
0127,dirty
0086,dirty
0320,dirty
0680,dirty
0049,dirty
0135,dirty
0460,dirty
0062,clean
0093,clean
0242,clean
0296,dirty
0575,dirty
0722,clean
0226,dirty
0555,clean
0161,dirty
0574,dirty
0498,dirty
0492,dirty
0537,dirty
0067,dirty
0043,dirty
0727,clean
0521,dirty
0031,dirty
0312,dirty
0301,dirty
0156,dirty
0390,dirty
0132,clean
0152,clean
0499,dirty
0038,dirty
0606,dirty
0243,dirty
0393,dirty
0185,dirty
0607,clean
0259,dirty
0348,clean
0054,clean
0644,clean
0559,dirty
0195,dirty
0519,dirty
0402,dirty
0289,dirty
0686,clean
0631,dirty
0624,dirty
0222,dirty
0567,clean
0665,dirty
0258,dirty
0476,dirty
0616,clean
0279,dirty
0645,dirty
0168,clean
0051,dirty
0423,dirty
0136,dirty
0219,dirty
0705,dirty
0477,dirty
0008,dirty
0016,dirty
0653,dirty
0330,dirty
0591,clean
0253,clean
0085,clean
0025,dirty
0597,dirty
0216,dirty
0718,dirty
0155,dirty
0359,dirty
0715,dirty
0523,dirty
0154,dirty
0130,dirty
0587,dirty
0568,dirty
0583,dirty
0364,clean
0347,dirty
0179,dirty
0310,dirty
0594,dirty
0379,clean
0601,dirty
0264,clean
0286,dirty
0068,clean
0324,dirty
0536,clean
0147,clean
0019,dirty
0280,dirty
0626,dirty
0547,dirty
0276,dirty
0389,dirty
0664,dirty
0440,dirty
0410,clean
0355,dirty
0405,clean
0358,dirty
0191,dirty
0338,clean
0549,clean
0110,dirty
0249,dirty
0299,dirty
0431,clean
0140,dirty
0057,dirty
0415,dirty
0382,dirty
0723,dirty
0483,dirty
0363,dirty
0378,clean
0293,dirty
0022,dirty
0327,dirty
0447,clean
0702,dirty
0333,dirty
0418,dirty
0171,dirty
0554,dirty
0619,dirty
0716,dirty
0017,dirty
0094,dirty
0638,clean
0421,dirty
0448,dirty
0737,clean
0434,clean
0231,clean
0464,dirty
0053,clean
0588,clean
0643,dirty
0468,dirty
0391,dirty
0377,dirty
0059,clean
0726,dirty
0207,clean
0210,dirty
0628,dirty
0175,dirty
0360,dirty
0692,clean
0169,dirty
0507,clean
0239,dirty
0326,dirty
0009,clean
0602,dirty
0612,dirty
0315,dirty
0610,dirty
0641,dirty
0201,dirty
0374,dirty
0531,dirty
0681,dirty
0706,dirty
0100,dirty
0270,dirty
0309,clean
0262,dirty
0318,dirty
0158,dirty
0234,dirty
0592,clean
0304,clean
0164,dirty
0712,dirty
0632,clean
0500,dirty
0694,dirty
0134,dirty
0300,dirty
0167,dirty
0717,clean
0337,dirty
0471,clean
0340,dirty
0437,dirty
0166,dirty
0014,clean
0217,clean
0546,dirty
0250,dirty
0439,dirty
0392,dirty
0666,dirty
0642,dirty
0257,clean
0097,clean
0146,dirty
0071,clean
0510,dirty
0126,dirty
0088,dirty
0349,dirty
0046,dirty
0214,dirty
0077,dirty
0486,dirty
0313,clean
0184,clean
0278,dirty
0284,clean
0341,dirty
0345,dirty
0042,dirty
0269,dirty
0103,dirty
0455,dirty
0544,clean
0112,dirty
0273,dirty
0160,dirty
0508,dirty
0148,dirty
0192,dirty
0213,dirty
0511,dirty
0453,clean
0266,dirty
0590,dirty
0457,dirty
0668,dirty
0041,dirty
0673,clean
0096,clean
0351,dirty
0235,dirty
0467,clean
0045,dirty
0449,dirty
0614,dirty
0409,dirty
0541,dirty
0013,dirty
0277,clean
0113,clean
0657,dirty
0120,dirty
0306,dirty
0623,dirty
0131,dirty
0208,dirty
0188,dirty
0676,dirty
0637,dirty
0252,dirty
0189,dirty
0672,dirty
0451,clean
0311,dirty
0581,dirty
0654,dirty
0553,clean
0241,dirty
0506,dirty
0224,dirty
0251,dirty
0290,dirty
0246,dirty
0742,dirty
0551,clean
0288,dirty
0577,dirty
0129,dirty
0336,dirty
0565,dirty
0281,dirty
0141,dirty
0011,dirty
0001,dirty
0089,dirty
0232,dirty
0596,clean
0204,dirty
0572,clean
0170,dirty
0417,dirty
0283,clean
0524,clean
0162,dirty
0454,dirty
0354,dirty
0552,clean
0639,clean
0620,dirty
0065,dirty
0190,dirty
0335,clean
0092,clean
0396,dirty
0322,clean
0352,dirty
0060,dirty
0199,dirty
0398,dirty
0659,dirty
0688,dirty
0021,dirty
0307,dirty
0149,dirty
0285,clean
0044,dirty
0261,dirty
0711,dirty
0238,dirty
0661,dirty
0268,dirty
0055,clean
0211,clean
0560,dirty
0407,clean
0294,clean
0117,clean
0585,clean
0425,dirty
0342,dirty
0202,clean
0561,dirty
0538,clean
0529,dirty
0469,clean
0080,dirty
0015,dirty
0729,clean
0489,dirty
0556,dirty
0563,dirty
0603,dirty
0198,clean
0066,clean
0380,clean
0515,dirty
0512,dirty
0254,dirty
0076,clean
0248,dirty
0375,dirty
0384,dirty
0298,clean
0082,dirty
0428,dirty
0000,dirty
0122,dirty
0144,dirty
0685,dirty
0225,dirty
0295,dirty
0197,dirty
0369,clean
0609,clean
0493,dirty
0481,dirty
0678,dirty
0265,clean
0371,dirty
0732,dirty
0550,clean
0656,clean
0357,dirty
0303,dirty
0719,dirty
0083,clean
0545,clean
0494,dirty
0282,dirty
0695,dirty
0400,dirty
0139,dirty
0406,dirty
0630,clean
0435,dirty
0387,clean
0438,dirty
0220,dirty
0701,dirty
0414,dirty
0608,dirty
0527,dirty
0502,dirty
0422,dirty
0107,dirty
0027,clean
0370,clean
0255,clean
0442,clean
0230,clean
0571,clean
0256,dirty
0731,clean
0534,clean
0652,clean
0272,clean
0703,dirty
0206,dirty
0658,dirty
0223,clean
0491,clean
0412,dirty
0696,dirty
0023,dirty
0408,clean
0516,clean
0061,dirty
0056,dirty
0621,dirty
0478,dirty
0037,dirty
0388,dirty
0724,clean
0426,dirty
0395,dirty
0522,dirty
0193,dirty
0584,dirty
0576,dirty
0174,dirty
0484,clean
0677,dirty
0091,clean
0039,dirty
0106,dirty
0738,dirty
0271,dirty
0649,clean
0635,dirty
0503,dirty
0203,dirty
0399,dirty
0599,clean
0361,clean
0651,dirty
0670,dirty
0674,dirty
0539,dirty
